{"activities": [{"id": 4090, "memory_id": 2, "title": "Podcast on Virtual Reality Advancements and Gaussian Splatting Technique", "description": "This podcast episode focuses on the rapid advancements in virtual reality, particularly highlighting the Gaussian Splatting technique. This method allows for creating detailed 3D environments from real-world images and videos using a handcrafted approach. The speaker also discusses the potential for further improvements in image to 3D conversion, including its application within Unreal Engine.", "tags": "Virtual Reality, Gaussian Splatting, Image to 3D Conversion, Unreal Engine", "reminders": "", "date_str": "11222023", "time_str": "16:58:34", "timestamp": 1700683114, "processed": false}], "audio_transcriptions": [{"id": 12100, "memory_id": 2, "date_str": "11222023", "time_str": "16:58:34", "type": "system", "content": " Because so many of you fellow scholars have requested it, we had a video on one of the best papers of the year in my opinion, which is the work called Gaussian Splatting. And I am absolutely speechless by how quickly things are unfolding around it. I think you will be too. So what does this do? Well, just imagine grabbing your smartphone, taking a few images or videos of real places, and then, we could create a virtual reality that looks like a real-world situation. And then, we could create a virtual reality that looks like a real-world situation. And then, we could create a virtual reality that looks like a real-world situation.", "timestamp": 1700683114, "processes": "brave", "processed": true}, {"id": 12101, "memory_id": 2, "date_str": "11222023", "time_str": "16:58:48", "type": "system", "content": " Virtual version of them and playing them in real time and it does exactly that and these scenes come out Really really detailed dear fellow scholars. This is two minute papers. We", "timestamp": 1700683128, "processes": "brave", "processed": true}, {"id": 12102, "memory_id": 2, "date_str": "11222023", "time_str": "16:59:28", "type": "system", "content": " Dr. Karol Zsolnai-Feh\u00e9r. And the key thing here is that this is a handcrafted technique that is easy to implement. And now, some publicly available applications already have it. This one does. Yes, the dream is coming true. We might just play in a virtual copy of the real world very soon. Especially that it is available in Unreal Engine 2 through a paid plugin. No, I am sure that free versions will pop up.", "timestamp": 1700683168, "processes": "brave", "processed": true}, {"id": 12103, "memory_id": 2, "date_str": "11222023", "time_str": "16:59:58", "type": "system", "content": " very soon too. In fact, things are going so quickly, I wouldn't be surprised if by the time this video appears, it is already available for free. And it gets even better, way better. For instance, we know that text-to-image is possible, but we are talking about 3D virtual worlds here. So, oh my, it has been just a few months on this paper being out, and can that really be?", "timestamp": 1700683198, "processes": "brave", "processed": true}, {"id": 12104, "memory_id": 2, "date_str": "11222023", "time_str": "17:00:28", "type": "system", "content": " follow-up papers are already popping up. Wait a second, this is text to 3D. We write something and out comes 3D geometry. Our last episode was on exactly that and it is already being surpassed. What is happening? Wow! Well, what is happening is that Gaussian spreading is already being used to improve these techniques. In many cases, I see molding", "timestamp": 1700683228, "processes": "brave", "processed": true}, {"id": 12105, "memory_id": 2, "date_str": "11222023", "time_str": "17:00:58", "type": "system", "content": " detail geometry being produced. And all this in just a couple of months and one more paper down the line. So cool. But, it doesn't end there. Not even close. Goodness, here is another paper which is able to perform image to 3D. One photo goes in and out comes 3D geometry. I already see that it converges to a solution much quicker than earlier mural radiance fields based.", "timestamp": 1700683258, "processes": "brave", "processed": true}, {"id": 12106, "memory_id": 2, "date_str": "11222023", "time_str": "17:01:29", "type": "system", "content": " Solutions? That is fantastic news, but come on, what can it do? It really does it. In goes the image, and out comes the 3D model. And it gets better. Then we can even really put these little models into our virtual world and animate them. And all this process takes how long exactly? The previous paper we looked at took 40 minutes, so what about this one? Now, let's see how it works. So, let's say we have a 3D model, and we want to animate it. So, let's say we have a 3D model, and we want to animate it. So, let's say we have a 3D model, and we want to animate it. So, let's say we have a 3D model, and we want to animate it. So, let's say we have a 3D model, and we want to animate it. So, let's say we have a 3D model, and we want to animate it. So, let's say we have a 3D model, and we want to animate it. So, let's say we have a 3D", "timestamp": 1700683289, "processes": "brave", "processed": true}, {"id": 12107, "memory_id": 2, "date_str": "11222023", "time_str": "17:01:59", "type": "system", "content": " Now, hold on to your papers, fellow scalers, because it is 2 minutes. This is incredible, a 20x speedup in just 1 paper. I really don't know what to say here. In the first step, it lines up the Gaussians, little mathematical lumps to match the shape of the character or object, and then, in the second step, it slowly refines the textures as well. This one runs on a single consumer graphics card, this is what does it.", "timestamp": 1700683319, "processes": "brave", "processed": true}, {"id": 12108, "memory_id": 2, "date_str": "11222023", "time_str": "17:02:29", "type": "system", "content": " it in 2 minutes per object. That work is a real match for 2-minute papers. No wonder these papers caught the imagination of you fellow scanners. It gets even better, it can even reproduce photorealistic faces reasonably well with just 25 photos as an input, and, wow, here you can even animate these inputs. So, not only creating virtual worlds from the real world,", "timestamp": 1700683349, "processes": "brave", "processed": true}, {"id": 12109, "memory_id": 2, "date_str": "11222023", "time_str": "17:02:59", "type": "system", "content": " But, we can even let our imagination run wild and create absolutely anything out of it. I love it. Now, just one more thing, I know some of you fellow scholars are asking, okay, but what is Gaussian Splatting? What does that even mean? Now, the Gaussian part means that objects in this scene will be represented as a sum of many little waves, and Splatting is a way of throwing the object into the air.", "timestamp": 1700683379, "processes": "brave", "processed": true}, {"id": 12110, "memory_id": 2, "date_str": "11222023", "time_str": "17:03:29", "type": "system", "content": " little waves from the 3D virtual world at our 2D screen and computing what they should really look like. And this simple but effective idea is taking the world by storm. And a handcrafted technique, powered not by AI, but by human ingenuity. Once again, the papers coming alive in the real world. What a time to be alive! If you're looking for inexpensive cloud GPUs for AI, Lambda, now off!", "timestamp": 1700683409, "processes": "brave", "processed": true}, {"id": 12111, "memory_id": 2, "date_str": "11222023", "time_str": "17:03:59", "type": "system", "content": " offers the best prices in the world for GPU cloud compute, no commitments or negotiation required. Just sign up and launch an instance, and hold on to your papers, because with the Lambda GPU cloud, you can now get on-demand H100 instances for just $199 per hour, yes $199, they are one of the first cloud providers to offer publicly available on-demand", "timestamp": 1700683439, "processes": "brave", "processed": true}, {"id": 12112, "memory_id": 2, "date_str": "11222023", "time_str": "17:04:23", "type": "system", "content": " H100Xs. Did I mention they also offer persistent storage? So, join researchers and organizations like Apple, MIT, and Caltech in using Lambda Cloud Instances, Workstations, or Servers. Make sure to go to lambdalabs.com slash papers to sign up for one of their amazing GPU instances today.", "timestamp": 1700683463, "processes": "brave", "processed": true}], "raw_ideas": [{"id": 1742, "memory_id": 2, "content": "Audio from brave: Because so many of you fellow scholars have requested it, we had a video on one of the best papers of the year in my opinion, which is the work called Gaussian Splatting. And I am absolutely speechless by how quickly things are unfolding around it. I think you will be too. So what does this do? Well, just imagine grabbing your smartphone, taking a few images or videos of real places, and then, we could create a virtual reality that looks like a real-world situation. And then, we could create a virtual reality that looks like a real-world situation. And then, we could create a virtual reality that looks like a real-world situation.\nAudio from brave: Virtual version of them and playing them in real time and it does exactly that and these scenes come out Really really detailed dear fellow scholars. This is two minute papers. We\nAudio from brave: Dr. Karol Zsolnai-Feh\u00e9r. And the key thing here is that this is a handcrafted technique that is easy to implement. And now, some publicly available applications already have it. This one does. Yes, the dream is coming true. We might just play in a virtual copy of the real world very soon. Especially that it is available in Unreal Engine 2 through a paid plugin. No, I am sure that free versions will pop up.\nAudio from brave: very soon too. In fact, things are going so quickly, I wouldn't be surprised if by the time this video appears, it is already available for free. And it gets even better, way better. For instance, we know that text-to-image is possible, but we are talking about 3D virtual worlds here. So, oh my, it has been just a few months on this paper being out, and can that really be?\nAudio from brave: follow-up papers are already popping up. Wait a second, this is text to 3D. We write something and out comes 3D geometry. Our last episode was on exactly that and it is already being surpassed. What is happening? Wow! Well, what is happening is that Gaussian spreading is already being used to improve these techniques. In many cases, I see molding\nAudio from brave: detail geometry being produced. And all this in just a couple of months and one more paper down the line. So cool. But, it doesn't end there. Not even close. Goodness, here is another paper which is able to perform image to 3D. One photo goes in and out comes 3D geometry. I already see that it converges to a solution much quicker than earlier mural radiance fields based.\nAudio from brave: Solutions? That is fantastic news, but come on, what can it do? It really does it. In goes the image, and out comes the 3D model. And it gets better. Then we can even really put these little models into our virtual world and animate them. And all this process takes how long exactly? The previous paper we looked at took 40 minutes, so what about this one? Now, let's see how it works. So, let's say we have a 3D model, and we want to animate it. So, let's say we have a 3D model, and we want to animate it. So, let's say we have a 3D model, and we want to animate it. So, let's say we have a 3D model, and we want to animate it. So, let's say we have a 3D model, and we want to animate it. So, let's say we have a 3D model, and we want to animate it. So, let's say we have a 3D model, and we want to animate it. So, let's say we have a 3D\nAudio from brave: Now, hold on to your papers, fellow scalers, because it is 2 minutes. This is incredible, a 20x speedup in just 1 paper. I really don't know what to say here. In the first step, it lines up the Gaussians, little mathematical lumps to match the shape of the character or object, and then, in the second step, it slowly refines the textures as well. This one runs on a single consumer graphics card, this is what does it.\nAudio from brave: it in 2 minutes per object. That work is a real match for 2-minute papers. No wonder these papers caught the imagination of you fellow scanners. It gets even better, it can even reproduce photorealistic faces reasonably well with just 25 photos as an input, and, wow, here you can even animate these inputs. So, not only creating virtual worlds from the real world,\nAudio from brave: But, we can even let our imagination run wild and create absolutely anything out of it. I love it. Now, just one more thing, I know some of you fellow scholars are asking, okay, but what is Gaussian Splatting? What does that even mean? Now, the Gaussian part means that objects in this scene will be represented as a sum of many little waves, and Splatting is a way of throwing the object into the air.\nAudio from brave: little waves from the 3D virtual world at our 2D screen and computing what they should really look like. And this simple but effective idea is taking the world by storm. And a handcrafted technique, powered not by AI, but by human ingenuity. Once again, the papers coming alive in the real world. What a time to be alive! If you're looking for inexpensive cloud GPUs for AI, Lambda, now off!\nAudio from brave: offers the best prices in the world for GPU cloud compute, no commitments or negotiation required. Just sign up and launch an instance, and hold on to your papers, because with the Lambda GPU cloud, you can now get on-demand H100 instances for just $199 per hour, yes $199, they are one of the first cloud providers to offer publicly available on-demand\nAudio from brave: H100Xs. Did I mention they also offer persistent storage? So, join researchers and organizations like Apple, MIT, and Caltech in using Lambda Cloud Instances, Workstations, or Servers. Make sure to go to lambdalabs.com slash papers to sign up for one of their amazing GPU instances today.", "start_timestamp": 1700683114, "end_timestamp": 1700683463, "processed": true}], "screencaptures": [{"timestamp": 1700540271, "memory_id": 2, "path": "11212023/1700540271.webp", "processes": "explorer"}]}